bid,微博正文,相关,正面,负面
L9uej7J7J,居家抗疫第十五天。补记。昨天是元月五日，在家已经15天了，今天官方传来好消息，新增病例35例，明显低于昨日，而且均发生在隔离人群中，就是说社会面基本清零，达到了省委书记的要求。但是距离生活正常还有一段时间。今天小区来了爱心蔬菜大篷车，直接开进小区，方便业主买菜，而且小区里也设置了一个简易售卖生活物资的临时点，保障居民生活。在经历了疫情防控前期的茫然，混乱之后，满满的，治理，服务都跟上了。这是需要代价的。雁塔区一二把手被免职，大数据局局长被免职，我估计还会有政府官员为疫情防控不力买单。昨日网上报道一名产妇因为核酸检测超时四个小时而被高新医院拒之门外，最终这位产妇大出血流产，八个月的孩子说没就没了，网上一片哗然，一边倒指责医院，指责政府。的确，医院不能因为疫情防控而漠视个体生命。医院本身就是救死扶伤的地方，出现这样的事情，说不过去。今天我看网上报道处理了一批人，医院总经理，医院相关负责人，西安市卫健委主任也被警告处分了。我觉得这样处分都不过，不管啥时候，每个生命都应该被尊重。愿西安的生活早日恢复正常。 西安・中海?碧林湾,1,0,0
L9nXIuPPC,原创诗文：新冠动态清零新冠动态清零小虫肆虐有经年，遇到金刚躲西边。民生民权需护法，方能国泰民更安。于2022年1月4日晚（吴国良） 赤峰・新林花园 ,1,0,0
L9fiH2L33,西安昨天新增确诊90例，今天新增95例，4号清零的目标希望会实现??今早8点防疫人员上门做核酸?政府第二次发的菜今天收到了 ,1,0,0
LEx6s02Gk,收评：今日行情冲高回落，沪指在3300点遇阻，尾盘前跌破3250点支撑，短期看震荡回落的概率大；行业板块方面，农林牧渔、汽车、矿物制品、通用机械、电力等板块领涨，酒店餐饮、旅游、煤炭、医药、半导体等板块跌幅较大；成交量再破万亿，北向资金净流出171.9亿，港股大跌超过2.5%，给了A股很大压力；高层定调下半年经济走向，财政政策和货币政策很难超预期，疫情管控还是动态清零，对于经济增长偏利空，下半年的机会不容易把握，重点关注农林牧渔板块，种业板块机会最明显。,0,0,0
LCRGFclvW,被封第四天，比较轻松，除了不能出去，基本没事！人在被封的时候，首先想到的就是安全。要考虑民生保障，周边的健康安全！排队核酸检测得站多远？周围哪个小区来车了？家里的可乐还有吗？饿了么不能下单也是醉了！于是打开美团随便点了一个，还必须到门口取！可是你的冰箱里不是有很多囤货吗？但其实你的欲望膨胀的原因是那些冰箱里没有的！奶茶烤串大火锅，日料花甲小龙虾！烧饼夹里脊，牛肉粉丝汤，对美食的渴望，对疫情防控的不明确，没有收入只有支出的担忧，账户余额的日益减少，混合成一种升腾的欲望，要出去，要自由！封闭式管理，静态清零，无非是你被封印的向往！那些曾经近在咫尺的美食，在风控时期都是你心里得不到的欲念！,1,0,0
LzYv7giaD,【#行程卡摘星火车票搜索量飙升#】财联社6月29日电，据工信部网站消息，为坚决落实党中央、国务院关于“外防输入、内防反弹”总策略和“动态清零”总方针，支撑高效统筹疫情防控和经济社会发展，方便广大用户出行，即日起取消通信行程卡“星号”标记。据去哪儿平台数据显示，今天下午3点半，自消息公布半小时后，平台上国际机票瞬时搜索量翻倍，达到近两年以来该平台国际机票搜索量最高峰。同时，平台机票搜索量在30分钟内上升60%，酒店搜索量翻番，火车票搜索量上涨最多达到1.5倍。,1,1,0
Lx5VXr4bz,#唐山 打人#新冠清零做不到，女性清零却好积极呢 ,0,0,0
Lwvfzs5xR,【#兰州市新增8处收费道路停车泊位# 】为全面推进我市停车设施建设管理“一难两乱”专项整治工作有序开展，有效整治道路停车乱象，着力缓解主城区停车难问题，兰州市公安局交警支队根据道路实际通行情况和群众停车需求，将七里河区上西园路，城关区B422号路，安宁区通达街、街坊路、孔家崖路等8条路段设置为道路公共停车泊位，纳入收费管理，进一步提升静态交通管理质效。via.@兰州发布 寻美中国#寻美中国2022甘肃再出发#,0,0,0
LvSOrqJY8,　　“动态清零”是上海抗疫最佳方案，“当前，上海的疫情形势比较严峻、复杂，坚定执行‘动态清零’是最佳选择，也是最佳方案。”4月10日，国家卫健委疫情应对处置工作领导小组专家组组长、清华大学万科公共卫生与健康学院常务副院长梁万年说。上海市本轮疫情有何特点？防控的难点在哪儿？实行“动态清零”有何意义？记者在上海采访了梁万年。　　采取更果断坚定的防控措施　　“上海本轮疫情流行的毒株主要是奥密克戎BA.2，传播速度非常快，隐匿性特别强，也就是无症状感染者和轻症病例占比非常高，大大增加了疫情防控的难度。”梁万年说，目前上海市的16个区大部分社区都有感染者，存在着广泛的社区传播。所以，单独依靠过去的疫情防控措施，很难快速控制住疫情。因此，必须要采取更果断坚定的措施。　　上海市是2500万人口的国际化大都市，国内、国际交往极为频繁。“上海既要防止市内疫情扩散，又要防止外溢到其他省份，还要防止境外输入，防控压力很大。”梁万年认为，当前，上海市疫情防控最重要的是防止市内扩散和反弹。对这么大一个城市进行疫情防控，无论采取什么措施，比如全员核酸检测，对于城市的组织能力、管理能力等都是巨大的考验。　　“统一思想，坚定信心，团结起来才能战胜来势凶猛的疫情。”梁万年说，上海市从基层群众到基层组织，再到区级和市级政府，必须形成一个有效的系统，共同防控疫情。　　“在保护人民的生命和健康免受病毒侵害的同时，要保障群众的基本生产和生活。”梁万年认为，平衡疫情防控和群众基本生活及经济社会发展，是上海这样的大城市面临的重要课题。所以，疫情防控必须更快速、更精准、更有效。　　上海市的疫情防控策略和措施正在发挥作用。梁万年分析，虽然上海市报告的感染者数量处于高位震荡，但按照奥密克戎变异毒株流行的指数型增长的参数来看，没有出现指数型上升态势，表明采取的防控措施遏制住了指数型上升的势头。“上海疫情处在关键时期和胶着状态，不进则退。要牢牢抓住这个时间窗口，大家一起努力，共同战胜疫情。”　　把生命和健康放在第一位　　奥密克戎变异株不是“大号流感”，危害性比流感大很多。梁万年认为，与流感相比，奥密克戎变异株传播速度更快，传播的隐匿性更强，更容易造成大范围的传播。更重要的是，奥密克戎变异株致病性明显比流感大。从全球看，如果放任病毒流行，奥密克戎变异株总体病死率比流感要高，特别是老年人群，病死率比普通流感高出几十倍，80岁以上老年人甚至高出近百倍。　　“从公共卫生的角度看，全人群都是奥密克戎变异株的易感人群。我国老年人口数量庞大，一些大城市人口老年化率较高。如果‘躺平’，疫情对这类脆弱人群就是一场灾难。”梁万年说，奥密克戎变异株还会不断变异，如果向坏的方向变异，对人类健康危害就会更大。此外，如果出现大规模感染，人们会出现恐慌，造成医疗资源挤兑，让正常的就医需求无法得到保证。所以，我国对奥密克戎变异株采取“动态清零”的总方针是科学、有效的。　　梁万年说，应对奥密克戎变异株，一些国家采取“躺平”策略，放任病毒感染，对居民的生命、健康和社会生产造成了巨大危害。我国坚持“动态清零”，一方面是“人民至上、生命至上”防疫理念的指导；另一方面，我国有能力、有基础。我国本土总体上“干净”，社会主义制度具有强大的组织动员能力，群众积极主动配合，加上丰富的抗疫经验和各种科学工具，有能力实现“动态清零”。　　梁万年认为，我国坚持“动态清零”，是尽一切努力来维护人民身体健康和生命安全，同时尽一切可能有效精准平衡疫情防控和正常生产生活及经济社会发展。为了实现“动态清零”，对一部分群众进行管控，对他们的生产生活带来不便，但只要快速控制住疫情，可以换取更长时间的正常生产生活和更大范围甚至全国的正常生产生活。“要坚持‘动态清零’总方针不动摇，以最小的成本获取最大的效益。”　　“动态清零”的精髓是快速、精准　　“动态清零”并不是零容忍、追求完全零感染。梁万年说，“动态清零”是我国抗击疫情的总方针，也是2020年以来我国经历前后几十起各类新冠病毒变异株引起的聚集性疫情，总结出的一套战略性打法。实践反复证明，“动态清零”符合我国实际，也是抗击疫情的最佳选择。“动态清零”的核心内涵是出现疫情后，能够快速发现它，并快速围堵它，切断传播过程，实现发现一起，扑灭一起，不造成持续性社区传播，其精髓就是快速、精准，跑在病毒传播的前面。　　上海具备“动态清零”的能力。梁万年分析，只要把传染源控制住，切断传播途径，保护易感人群，就可以实现“动态清零”。如今，我们有核酸检测和抗原自测技术，抗疫的武器更为强大，能尽早将感染者识别出来。上海有丰富的医疗资源，加上全国各地的支援，能够做到对感染者和可能的感染者进行有效收治和隔离。此外，随着疫苗接种不断推进，易感人群将得到进一步保护。　　上海疫情什么时候出现社会面“动态清零”？梁万年认为，这基于防控措施的进一步落实落地。目前，全市在对居民进行多轮核酸检测筛查，目的就是把传染源都找出来，并做好隔离和救治，管理好密切接触者，切断传播途径。当所有传染源都做好了隔离和救治，新增的感染者都来自监测人员，就实现了社会面“动态清零”。　　“上海人民对抗疫措施的高度支持，让我们感动。”梁万年说，在上海的几天调研中，无论是封控、管控，还是核酸检测、抗原检测，群众都积极配合，给他留下了深刻印象。梁万年表示，上海市民一定要坚定信心，不要恐慌，也不要焦虑，要理解和相信党和政府的抗疫策略和方式。大家要注意防护，保护好自己的身体健康，饮食和睡眠要规律。如果今后按照防范区、管控区、封控区进行分类管理，防范区14天没有阳性感染者，居民可以有一定的活动范围，但要减少不必要的聚集，同时做好个人防护。“大家再坚持一段时间，相信曙光很快会出现。”梁万年说。,1,1,0
LvIGoBHEh,实客观来说，过去两年，上海的精准防控模式，跟其他省市并没有太大的本质区别，只不过上海的精准防控做得更精准、更有效，对民众生活影响更低，但归根结底还是实现了动态清零，最终控制住了疫情。包括上海的精准防控，其实关键就是流调做得更好，有多达2000人的高素质专业流调团队。其他省市也有流调，只是规模没这么大而已，并没有太本质区别。但是，这一轮上海疫情开始大规模爆发后，上海的防控模式还是暴露出很多问题，出现不少混乱的现象，这个网络上有很多人在说。我就说说我认为一个很关键的特殊之处，直到现在仍然存在的问题。很多人并不知道，其实上海都已经到了这样需要把整个浦东封控的状态，但实际上，上海目前还没有一个地区是高风险地区。截止3月28日，上海只有15个中风险地区，一个高风险地区都没有。,1,0,0
LvypwC6yL,"尊敬的负责人，您好，我现居住河北廊坊市三河市燕郊经济开发区，自今年2022.1月开始，不管三河市有无病例出现，我们一直处于封控，全员核酸，居家状态。1.从2022.1.26-2.8日，因天津疫情，三河市燕郊封控管理，全员核酸。2.从2022.3.12-4.4日，因廊坊本市区的疫情，三河市燕郊又封控管理，全员核酸。3.从2022.4.28-5.28日，因北京疫情，三河市燕郊再次封控管理，全员核酸。4.从2022.5.30-31,因廊坊永清疫情，三河市燕郊通知静默2天，全员核酸。综上，不管三河市有无本土病例，只要周边有病例出现，我们就被要求全员核酸，居家隔离。这种过度防疫、一刀切政策，不顾及人民群众的生活困难，严重影响了正常的生活与工作。恳请有关部门，积极和本市政府沟通，要求其做到精准防控，有病例小区，我们积极配合防控管理，无病例小区可自由活动、外出工作。转自社区群#寻找生活中的光#",1,0,1
LvrZe4nM5,#6月1日零时起上海有序恢复住宅小区出入#其实还没完全动态清零，但的确是总体可控范围内了，希望之后疫情防控一定要遵循实事求是的原则，就一定能尽快实现动态清零。  网页链接 ,1,0,0
Lvgrt5IaA,大江东｜事不过夜，守住底线 上海抗疫众志成城2022年的春天，曾经清零的疫情，卷土重来。“坚决守住不出现疫情规模性反弹的底线！”国务院联防联控机制12日召开电视电话会议，中共中央政治局委员、国务院副总理孙春兰如是说。国家层面的高度重视，说明此轮疫情防控形势之严峻。上海也面临着疫情来袭的巨大考验。“心往一处想，劲往一处使。”3月11日下午，上海市疫情防控工作领导小组会议再部署再落实疫情防控。上海市委书记、市疫情防控工作领导小组组长李强主持会议并讲话，用这十个字给上海抗疫凝心聚力。此刻的上海，不断涌现的抗疫故事令人动容。五指并拢，聚力战疫“带上行李，到九里亭报道。”近日，松江区九里亭街道永辉超市沪亭北路店被列为中风险地区。根据疫情防控需要，九里亭街道辖区多个小区被封控。疫情防控人员、街道工作人员、基层民警、志愿者、保安立即集合，穿好防护服后分赴相关区域。除了常规的疫情防控力量，从运输发放物资到上门提供医疗服务，从引导居民核酸检测到为患者买药配药，在九里亭街道的多个封控小区内，出现了多支由居民自发组建的抗疫保障突击队。 志愿者们带上行李，到九里亭报道。九里亭街道供图在业主群不断看到医疗求助信息，九里亭街道社区干部随即决定招募职业是医生、护士的业主，组建一支医护志愿服务队，解决小区内居民求医问药需求。招募令发出20分钟不到，就有十几名医务人员报名，很快，一支30人、来自不同医院不同科室的医护人员组成的医疗志愿服务队成立了。,1,0,0
Lv71rdgVM,【#北京本轮疫情已得到有效控制# 】5月28日，在北京市新型冠状病毒肺炎疫情防控工作第348场新闻发布会上，市委宣传部副部长、市政府新闻办主任、市政府新闻发言人徐和建介绍，北京已连续6天实现新冠肺炎病例数下降，昨日社会面病例数实现清零，8个区已稳定实现社会面清零，个别区零星病例均在可控范围，本轮疫情已得到有效控制！#北京疫情#,1,0,0
Lv00B8czw,#天津疫情#【5月28日，和平区开展全员核酸检测】为切实保障人民群众生命安全和身体健康，排查奥密克戎变异毒株潜在传播风险，按照市疫情防控指挥部要求，和平区疫情防控指挥部定于2022年5月28日在全区范围内开展一次核酸检测。现将相关情况通告如下：一、筛查时间和范围1、5月28日中午12时之前，对全区集中隔离、居家隔离、封控区、管控区、防范区等纳管区域人员开展筛查采样。2、5月28日晚19时到23时，对辖区内全体居民（除纳管区域人员）开展筛查采样。二、注意事项（一）筛查期间，实行全区全员保持静止，请广大居民朋友在居住地根据街道统一部署和社区的组织安排，到指定地点及时配合进行核酸检测。（二）请广大居民朋友积极配合各采样点工作人员做好样本采集工作，携带居民身份证、护照等有效证件，分时段有序前往指定采样点进行采样。请大家不恐慌、不造谣、不信谣、不传谣，对拒不配合、不支持核酸检测工作、扰乱秩序、瞒报、谎报、伪造信息的人员，公安机关将依法从严追究法律责任。（三）凡是未在规定时间内参加核酸检测的居民，“健康码”调整为“橙码”，完成核酸检测且结果呈阴性后转为“绿码”。（四）请参加核酸检测人员在采样期间做好个人防护，全程佩戴口罩（建议佩戴N95口罩），主动接受体温检测，不要聚集，保持一米以上距离，不随意在采样现场走动，不擅自进入采样现场的其他区域，防止发生交叉感染。采样完成后，听从现场工作人员指挥，按照区域静态管理相关要求迅速返回家中。天气炎热，请照顾好随行的老人和孩子。（五）接种新冠病毒疫苗不超过48小时人员，向居住地所在社区报备后，不参加本轮全员核酸检测，后续将单独安排补测。请您全力配合全员核酸检测工作，共同构筑牢固防疫屏障。在此，衷心感谢广大居民朋友的理解、配合、支持！和平区疫情防控指挥部2022年5月27日,1,0,0
LuCgrrL8C,#天津和平区实施全域静态管理#  凌晨接到的通知说是居家三天，结果中午突然接到通知下午正常上班，大老远的赶过去都来不及，和平区静态了个寂寞啊，几百号人还是来回流动呢 ,1,0,0
LuwJSlLgC,权威专家解“疫”释惑系列图解之二奥密克戎救治工作面临哪些变化和挑战？人民网 2022-05-24 13:05编者按：新冠肺炎疫情发生以来，我国坚持人民至上、生命至上，坚持外防输入、内防反弹，坚持动态清零，因时因势不断调整防控措施。近日，国务院联防联控机制综合组专家就当前我国为什么不能放松疫情防控、奥密克戎疫情的救治工作与此前相比有哪些新变化和新挑战等一系列与疫情防控有关的最新问题进行权威解答。今日起，人民网推出系列图解，为网友解“疫”释惑。,1,0,0
Lunwk3cZk,人间四月天，长恨春归的现实记录。2022年5月23日。北京。睛。很热。疫情在动态清零的状态中胶着着。昨天与今天的新增病便都超过了60例，但仍旧在双位数区间。有很多人开始了集中隔离的生活，有很多人开始了社区管控的生活，更多的人是居家办公的生活。无论怎么样，太阳每天都照常升起，核酸每天都得做一次。据集中隔离的人们表述，集中隔离的条件很好，单人单间，满足各种需要，饮食很好，环境很好。宠物有专人专业机构负责寄养。如有合理所需可以同间房陪护老人。但是仍旧没有明确的政策或者说明，半自理和不能自理的老人的隔离政策与细节。截至目前，北京的防控有效果，没有出现极端事件，人性化体现得很好。明显的区别于上海的防疫状态。 一个阿尔茨海默病人家属的疫情焦虑,1,0,0
LucdSscwa,#北京近24小时新增本土感染者94例#这不就说明现有政策达不到动态清零的目的吗该调整调整，长痛不如短痛 ,1,0,1
Lu3WIgdjj,#共同战疫#【北京疾控：当前本市疫情仍处于胶着状态，疫情防控形势严峻复杂】在今天下午举行的#北京市疫情发布会#上，北京市疾病预防控制中心副主任刘晓峰介绍，当前本市疫情仍处于胶着状态，疫情防控形势严峻复杂。要坚定必胜信心，尽快实现动态清零目标，以更快速、更果断、更坚决的措施，守住每一道防线、消除每一处隐患，切实阻断疫情传播链条。  各区、单位、部门、行业要严格落实“四方责任”，履行主体责任，继续深挖细排所辖区域与岳各庄市场等疫情相关风险人员，严格落位管控；实施居家办公和点对点闭环管理的区域，加强人员管理，严控到岗率，切实做好健康监测、核酸检测、查验证明等各项防控措施；严格社区（村）人员管理，落实测温、扫码、查验48小时内核酸检测阴性证明等防疫措施。  请与官方公布的病例活动轨迹及岳各庄市场、新发地市场风险点位有时空交集人员、接到健康宝弹窗提示人员立即向社区报告，配合各项防控措施。请广大市民朋友继续加强防控意识，非必要不流动，非必要不外出，进入公共场所要坚持全员扫码登记、科学佩戴口罩、勤洗手、常通风、不聚集、保持安全社交距离等常态化防控措施。（北京发布）,1,0,0
LtU0r88MA,【教育部：各地各校坚持“动态清零”总方针不放松 给毕业生提供支持】云财经讯，教育部日前召开2022年第七次全国教育系统疫情防控工作视频调度会议，对当前教育系统疫情防控工作作出部署。要求各地各校要坚持“外防输入、内防反弹”总策略和“动态清零”总方针不放松，抓实抓细教 （分享自 @云财经）卫优洁力素免洗抑菌洗手液300ml*2瓶有效杀菌抑菌免洗 消毒液,1,1,0
LtJJfinGB,和猫咪全城静态管理的一天。#长毛猫#宠物#猫咪# 捌百是猫咪的微博视频 ,0,0,0
LtCGs0XOF,【“动态清零”才是制胜法宝！台胞超有感】在5月17日召开的上海市新冠肺炎疫情防控新闻发布会上，上海市卫生健康委副主任赵丹丹透露，目前，上海市16个区都已实现社会面清零。通过一次次“清零”的成功，生活在大陆各地的台青、台商、台胞志愿者、台湾公卫专家普遍认为，“动态清零”是大陆防控疫情的制胜法宝。身在北京的台胞，旺旺集团驻京首席代表林天良对于大陆严谨高效的防疫政策印象深刻。作为全国台企联常务副会长的他说，许多台商也向他反映认为“动态清零”依然是大陆最经济、最有效的防控策略。更多详情→“动态清零”才是制胜法宝！ 台胞超有感  看台海的微博视频,1,1,0
LtpkUxPf1,#上海新增77例本土确诊746例本土无症状#居家防疫第62天，今天感染人数还是下降趋势，总体看起来还不错，全市16个区全部实现社会面清零，明天是全市核酸分级的大日子，说好了我们小区今天没有核酸，明天可以进入防范区，但是但是事情发展的猝不及防，小区突然出现一例阳，是以前封控楼栋的密接，从酒店隔离7天回来，现在居家监测，突然转阳了，不知道算不算我们小区名额，这个病毒真的太狡猾了。本来明天是全市分区的大日子，小区的崩溃就在一瞬间。以前总说你管好你自己就行了，现在发现，你管好自己根本没有用！小区总是在临近终点线的时候，被狠狠的拌上一脚，然后回到起点重新开始。太难了！基于突发状况，下午临时又被安排核酸了#就这一刻##上海努力在本月中旬实现社会面清零##遇见美好##宝宝的少女心##爱上这座城##2022你最想实现的愿望##常年不吃晚饭的人怎么样了##上海各区实现社会面清零##乘风破浪#,1,0,0
LtkcVj2PP,关于在全市范围内开展核酸检测工作的通告      为维护广大市民身体健康，做好陆路口岸城市疫情防控工作，切实筑牢我市疫情防控安全防线，经市疫情防控工作领导小组研究决定，自5月17日0时起至5月19日24时 ，全市将开展为期3天的静态管理，连续开展三轮区域核酸检测，现就有关事项通告如下：       一、静态管理要求    （一）请广大市民积极配合静态管理工作，各小区包保单位要做好24小时值班值守及人员登记工作。    （二）从5月17日0时起 ，对全市各交通道路和市区出入口实行严格交通管制。      1.除物资保供车辆外，其他所有车辆、人员严禁进出珲春市。      2.除军车、消防车、救护车、警车、民生物资保障车、检验标本送检车和殡葬、环卫、抢险等特殊车辆以及执行防疫任务车辆外，其他所有车辆一律禁止在珲春市辖区上路行驶。      3.执行防疫任务的机关干部、志愿者、社区工作人员严禁在当日防疫任务完成后，仍以防疫工作为借口驾驶私家车上路行驶。      4.市公安局将对在交通管制期间违反规定上路行驶的机动车和驾驶员，根据《中华人民共和国道路交通安全法》第三十九条第一款、第四十条之规定，依法给予违法行为人行政罚款200元、记3分的处罚；对于涉嫌其他违法行为的，将严格按照相关法律予以处理。      5.纪检监察部门将会同公安交警部门定期上路巡查，对违反有关规定人员，一经发现，严肃处理。    （三）即日起，全市各中小学校全部停止线下教学（核酸检测点开设高三、初三学生绿色通道）。    （四）除定点保供超市、药店外，其余营业场所全部暂停营业。    （五）个体诊所暂停营业。    （六）社会福利、养老服务机构实行全封闭管理，禁止人员进出。养老机构暂停接收新入住老年人，停止探视活动。监管场所实行全封闭管理，暂停家属探视。    （七）暂停举办一切聚集性活动。    （八）严禁造谣传谣、谎报瞒报疫情、发布不实信息。    （九）本公告自发布之日起施行，所有在我市单位和人员均需严格遵守，对违反公告规定的，公安机关将依法严厉打击处理。      二、区域核酸检测相关要求    （一）检测时间      5月17日至5月19日，连续开展3轮核酸检测，检测开始时间分别为：17日9时 、18日8时 、19日8时 。    （二）检测人员范围      除48小时内接种过新冠疫苗人员和闭环管理人员外，全市辖区内所有居民（含本地常住人口、暂住人口、临时流动人员等）均须参加区域核酸检测。    （三）相关要求      请广大市民继续积极响应号召，密切关注辖区网格员和行业管理部门的具体通知，准时参加核酸检测，做到应检尽检、不漏一人，不参加核酸检测人员将赋“黄码”。市民在等候及采样过程中，要严格做好个人防护，保持2米距离、有序排队，采样结束后立即离开现场返回家中，继续配合静态管理。        珲春市新冠肺炎疫情防控工作领导小组                         2022年5月16日,1,0,0
Lt8axdSFk,今天早上八点开始做核酸检测，一天又一天，马上就把半年好时光过去了，本月20号社会面清零的目标能够实现吗？今天下午4：45分到居委会集合 ，晚上五点开始到六点钟，挨个居民楼消杀，我要背着三十多斤的农药桶去六栋楼喷洒消毒液，当志愿者第一次做这个事情，对于我这个五十五岁的人来说，白天当志愿者分发快递，晚上再当志愿者消杀病毒，我是真的尽力了！ 上海・高景花园 在上海打拼的临河人的微博视频,1,0,0
LsZlNutgB,#战机飞行员视角的祖国有多美# 全域静态管理，美的见不着人。 ,1,0,1
LsRGEpHXk,#上海疫情##上海身边事# 杨浦区这次是要晋级总决赛了，将于5月13日、14日、15日连续三天在全区范围内开展全员核酸筛查。在此期间，全区将实行“全域静态管理”，除参加核酸检测外，所有居民实行“足不出户”。 ,1,0,0
LsG3nxUCM,梳理69天的封闭万一以后翻翻2022年3月4日（二月初二） 停学停课开始封城3月6日停工停产火车停运3月8日禁止出小区这期间每天一次的全员核酸 不停的建十几座方舱医院一个又一个学校的学生被拉走各地援助医护包机包车抵吉林每天可怕及不敢想象的数据3月21日静态管理足不出户单元门贴封条 社区，警察.自愿者等小区巡逻。负责为百姓服务。吉林市变成一座空城抢菜行动拉开序幕3月26日社区开始订购蔬菜盲盒各地援助生活物资 长春疫情也达到高峰医护志愿者累倒一批又一批有因劳累过度猝死一线的工作者4月5日1人确诊带走一个单元3-5人确诊带走一个楼邻居集中隔离每天都在核酸 抢菜 看数据中度过 提心吊胆的过着不知明天在哪的日子4月17日无疫小区可以错峰下楼2小时4月19日起各地援助医护陆续返回各区陆续申报无疫小区严格的检查 无人机的航拍4月28日无疫小区每户发一张出门卡4月28-5月11日无疫小区处于半解半封状态二天可以用出门卡出去一天全员核酸静态管理 有序的恢复生产生活当然还有一些被封着的单元和户门不能自由活动的人也不少5月12日无疫小区彻底解封3月4日-5月12日历时69天一场有没硝烟的战争变成常态化预防希望接下来的生活都是甜的          ――最后一次记录疫情          ――2022年5月11日夜转载！,1,0,0
LsvxMwknI,当前首都疫情防控正处于“逆水行舟、不进则退”的关键时期，在院党委的带领下，医院上下同心，积极响应 “动态清零”总方针，先后派出多批次医疗队完成核酸采集工作。在这分秒必争的紧急时刻，风湿免疫科党支部发挥战斗堡垒作用，支部书记宋慧第一时间组织支部会议，迅速调动党员群众积极参与，先后派出多支队伍支援核酸采集工作，并为外派人员做好了后勤保障。,1,1,0
LsmfwuaCX,#辽宁好网民抗疫在行动# 【#沈阳新民市主城区实施静态管理#】5月8日，在常态化核酸检测中，新民市发现初筛核酸检测结果异常人员，第一时间启动了应急响应，对相关人员及活动区域实施严格封控，流调溯源、核酸检测、隔离管控、环境消杀等处置工作正在依规有序开展。根据目前新民市疫情防控形势，为有效控制疫情传播扩散风险，切实保障广大人民群众生命安全和身体健康，市疫情防控指挥部决定， 自5月10日0时起，对新民市主城区实施静态管理，辽滨街道依林印象小区、新柳街道新铁佳园小区实施封闭管理。现将具体防疫措施通告如下：1.在实施静态管理区域内，停止一切非必要流动、活动，居民除按属地街道统一组织参加例行核酸检测和收取、购买必要生活物资外，要做到足不出户。2.在此区域内满足群众必要生活物资和急需用药的市场主体，经行业主管部门审批同意，可以运营，其他经营性场所暂一律关停；生产性企业在确保员工不出厂区的前提下，封闭运行。3.在此区域内需上岗的机关事业单位工作人员、公安干警、医护人员、物业人员、社区工作者及服务保障疫情防控工作人员，按照市疫情防控指挥部统一要求，凭相关出入证明出入小区卡口。4.在此区域内已经划定的封控区、管控区继续按照封控区、管控区相关要求严格落实疫情防控措施。5.请关注官方发布的权威信息，不信谣、不传谣；提高个人防护意识，戴口罩，勤洗手，常通风，不聚集，保持安全社交距离。如出现发热、咳嗽、腹泻、乏力等症状，立即向所在社区报告后，请佩戴好N95口罩，统一由120救护车及时送至就近发热门诊就诊。6.严格落实重点关注地区来（返）新人员管理，来（返）新各类人员要严格按照新民市新冠肺炎疫情防控指挥部相关通告要求做好主动报备。各乡镇街，各级党政机关、企事业单位及各类市场主体要履行主体责任，主动进行排查。7.对拒不执行疫情防控期间相关规定，拒绝接受封闭管控、核酸检测、隔离观察等防控措施，强行冲闯社区（小区）、道路出入口设置的隔离、警戒、封控设施，未按规定要求做好域外来（返）新人员主动报备管理，以及编造散布谣言、借机滋事等其他扰乱公共秩序的违法行为，公安机关将依法从重严厉打击。8.疫情当前，需要和“病毒赛跑”，请广大居民予以理解，全市上下共同努力，争取以最短的时间遏制疫情发展势头，静态管理可能会给群众生活造成一定困难，如有生活需要，请与所在社区联系。9.解除封闭静态管理时间根据疫情形势另行通知。,1,0,0
Lsfa21fsi,【凝聚战“疫”强大合力 画好战“疫”最大“同心圆”】中新网河南新闻5月8日电    5月以来，新冠肺炎疫情再度来袭，郑州、许昌、商丘、安阳等地相继启动“静态管理”等举措阻断疫情传播。河南省委统战部迅速部署、主动出击，号召全省统一战线积极投身疫情防控工作一线，凝聚起打赢疫情防控阻击战的强大合力，画好战“疫”最大“同心圆”。　　在郑州疫情防控处于最吃劲的关键阶段，省委统战部认真落实“双报到”工作机制，组织所属党支部和在职党员在严格落实防控措施基础上，协助社区做好疫情防控工作，以实际行动践行初心使命，全力构筑疫情防控“红色防线”。　　省委统战部机关党委第一时间发布《躬身入局战疫情 六强一守勇担当――致省委统战部所属党支部和全体党员的倡议书》，号召共产党员把全力以赴做好疫情防控工作作为当前首要政治任务，在“疫”线践行初心使命。引领带动各民主党派省委会向各党派驻郑州市全体成员和省市党派机关全体同志发出《携手抗疫 共克时艰――致驻郑州各党派成员和省市党派机关全体同志的倡议书》，号召在郑州的民主党派成员发扬优良传统，关键时刻与党和政府“想在一起、站在一起、干在一起”，真正当“好参谋、好帮手、好同事”，彰显民主党派成员的良好形象。　　郑州各区县(市)统一战线也积极行动，广大统一战线成员挺身而出、迎难而上，踊跃加入志愿服务队伍。巩义市50余名新的社会阶层人士组成先锋队全力支援郑东新区全员核酸检测工作；中牟县统战干部纷纷参与到人力薄弱的防控点，认真做好小区住户逐户排查、逐人落实、逐人登记，用责任心守护着群众的安全；二七区全体机关干部下沉社区疫情防控第一线，推进各项防疫工作有力有序开展，各民主党派成员和党外知识分子积极化身志愿者，助力所在社区做好核酸检测、秩序维护等工作；中原区委统战部党员干部“带头站在防控最前沿、带头落实防控措施、带头参与群防群控、带头做好宣传引导”；统战干部和统一战线成员主动请缨、冲锋在前，捐款捐物、通力合作，主动扛起社会责任……　　广大统一战线成员的志愿行为，为郑州抗“疫”增添了一份硬核力量。　　在许昌，全市统一战线各领域坚持“防控疫情的举措部署到哪里，统一战线的作用就发挥到哪里”，紧紧围绕防控工作重点，充分发挥统一战线人才荟萃、智力密集、联系广泛的优势，以最广泛的动员、最迅速的行动，凝聚广大统战成员的共识，全力投入到疫情防控中。广大统一战线成员下沉一线，争当抗疫“急先锋”。　　目前，许昌全市统一战线直接参与核酸检测、隔离防控、卡点值守等疫情防控一线人员580余人，捐赠现金及口罩、消毒液、食品等物资累计价值150余万元，为全市疫情防控大局贡献了统战力量。　　固始县的疫情也时刻牵动着河南省豫南商会固始籍企业家的心。日前，由河南省豫南商会捐赠的六车防疫和生活物资先后从郑州、息县等地抵达固始。为了尽快将捐赠物资送到一线工作人员手中， 固始县委统战部、县爱心志愿者协会、蓝天救援队的工作人员和志愿者们放弃休息时间，连夜奋战，历时4个小时，最终向县红十字会和部分乡镇(办事处)完成了480桶医用酒精，300瓶消毒液，500双医用手套，960包纸巾，182000个医用口罩，1100箱饮用水，1800箱方便面和150顶帐篷的物资分发工作。　　躬身入局抗疫一线，河南统一战线广大成员正在以实际行动践行初心使命，展现责任担当，为尽快扑灭本轮疫情发挥最大力量。(据河南省委统战部、郑州市委统战部、许昌市委统战部消息)   （中新网）,1,0,0
Ls6Xk9vxp,#北京尽快实现社会面清零#新冠能不能清零不知道，我得实体店这波是被清零了，呵呵，宠物店白送有人要么？领导说我这个不属于生活服务类，尽管我执照上是居民服务业，不给补助，没有文件，就来两穿制服的通知不让营业了，也罢，关店了，扛不住了 ,1,0,1
LrW6eEOV4,全域静态管理又变静默期了？换个名词再来一次 ,1,0,1
LrN8GBSy0,#在深圳没有72小时核酸将寸步难行#都清零快一个月了，这样做核酸，真的是不用花钱的吗？ ,1,0,1
LrEe2u2vC,【浙江省疫情形势总体平稳，未造成广泛社区传播和外溢】今天下午，浙江举行第一百一十七场新冠肺炎疫情防控工作新闻发布会，通报浙江最新疫情情况。5月5日0―14时，浙江省无新增本土确诊病例。新增本土无症状感染者5例，其中嘉兴市4例、丽水市1例；上述感染者由集中隔离点检测发现4例、居家隔离检测发现1例。自3月3日以来，浙江省本轮疫情累计报告本土确诊病例663例，累计报告本土无症状感染者786例，涉及11个设区市、71个县（市、区），其中杭州390例、嘉兴367例、金华231例、衢州158例、宁波90例、台州56例、温州45例、湖州35例、丽水31例、绍兴23例、舟山23例。这是我省自新冠肺炎疫情防控常态化以来波及范围最广、形势最为复杂的一轮疫情。虽然近期疫情多源多点、散发频发，但经过各地各部门和全社会共同努力，我省疫情形势总体平稳，未造成广泛社区传播和外溢。本轮总计252起疫情中，222起在1天内实现社会面清零，90%以上的疫情在3天内实现社会面清零。倍受关注的杭州拱墅4・19疫情于4月27日也实现社会面清零，目前除少数疫点及周边单元外，市区全域已恢复常态化秩序。丽水云和4・26疫情、嘉兴嘉善5・1疫情、宁波奉化5・1疫情等均在“五一”假期实现社会面清零。但全省疫情防控工作仍面临巨大挑战，丝毫不可有半点松懈麻痹，必须始终坚持“外防输入、内防反弹”总策略和“动态清零”总方针，全面落实和不断完善疫情防控“七大机制”，坚决守住不出现疫情规模性反弹的底线，努力用最小的代价实现最大的防控效果。 FM93浙江交通之声的微博视频,1,1,0
LrtP28x8O,静态管理开始了，那就选择一本自己喜爱的书静静的阅读吧！字句行间一样能找到快乐 ,0,0,0
Lrlny9MOp,#郑州将用一周时间实现社会面清零#这两第一次跟我出去明天核酸郑州见郑州加油? ,0,0,0
Lrcee1FHI,#hi五月# 封控一个月了希望疫情早日清零 ,1,0,0
Lr0XxpwOS,现行抗疫策略将如何变，委实是个棘手的课题，若生命至上，则无疑还要持续去强化既定政策，且只有愈发严格这一条路可走了，即，加大对疫情区域的封控管制时长，愈长则闷的效果愈好，同步进行的还要有加大核酸检测筛查力度，一轮一轮的筛，直到连续几日的清零结果出来，期间还要对不断发现的密接与次密接族群做高效的隔离观察，能定点就全部转移出去做集中隔离，否则，有任何松懈终将会百密一疏的，但，在目前全局无法同步去做病毒的彻底归零前，仅仅靠各地救火式的封堵扑灭，也恐将极大步入疲于奔命的窘境，归根结底还是这个病毒太过狡诈与善伪装以及其极强的穿透力，使得现行被动式的防控始终处于防不胜防状态，除非把一切社会面的传播途径完全掐断，否则很难做到对病毒真正意义上的阻断，但，这个法子也是完全行不通的，因为那样经济必然首先承受重压，尤其在外部逐步正常化下，这无异于我们主动放弃与外部的经贸联结，自我孤立，这亦不可能的，因这恰是敌对的老美所期盼的结果，由此，又将倒逼我们去谋新的平衡之变。谋事，必要先剖析当前最大的症结在哪里，毫无疑问，其高效的传播力外，病毒的弱毒性也是现有的主要特征之一，即其愈发凸显出对特定人群的穿透力与危害性，且这类族群相对而言在社会中又呈少数化，即多数族群在现有的技术手段下，其耐受力似乎已然可以达到承受住现状主流病毒的冲击，这意味更多人群的防控力是可以降低标准的，基本正常化去工作生活的，当然，这是基于现有数据报告下的结论，未来病毒是否会突变转向更危险亦不得而知，但可以肯定的是，在我们这么大的人口基数面前，若真如外部共存，大多数人也将会有更多感染风险，并因此获得自然免疫力，同时也会促发病毒有更多突变的可能发生，只是这样的突变风险其结果亦无法超前预知，是继续弱毒性化去，还是猛然倍增到最早前甚至是远超最初的水准，总之，皆有可能。毫无疑问，若没有更好的一劳永逸解决办法前，唯有以动态的平衡之法来寻求解决路径了，即如何在顾全大局下，又能平衡的照应到少数族群的需求，那么，如何保障这类备受病毒攻击族群的方法就是解决路径了，无外两个办法，一个把这类族群集中起来，做独立的社区管控，如定点隔离般的把他们包裹保护起来，难点在如何构建这样的大社区，另一个就是把社会需要正常生产经营的方方面面做闭环管控，选择，当然是那种方法成本更低更易操作，可能，这或是当前战时机制下最好的办法吧，根本上，还是以病毒毒性彻底消亡为上。,1,0,0
LqS4nvq13,#云南瑞丽再度重启#【#云南瑞丽复工复产复商复市有序进行#】日前，云南省瑞丽市宣布全面动态清零，记者从瑞丽市新冠肺炎疫情防控工作指挥部了解到，该市农业、交通、房地产、餐饮堂食、快递物流等行业，在做好防疫措施的前提下已全面复工复产，12家快递公司已恢复运行，工程项目已有42个复工建设，8家珠宝线下专业市场申请复市，其中2家已正式复市。新华社的微博视频,1,0,0
LqIkQcfFf,"上海疫情：反弹不影响清零时间判断前期，当我在4月10日左右判断每日新增感染人数见顶时，数据也有波动，但我仍然从大数据的波动规律出发，判断数据在那周见顶，结果见顶时间就在那周，4月13日。今天，上海公布4月28日疫情数据，确诊5487人，无症状感染者9545人。有5062人从无症状转确诊。则上海新增感染人数=5487+9545-5062=9970人。4月27日的数据是9764人。28日相比27日，增加206人。1.维持5月5日左右清零判断如标题所言，数据反弹不影响清零时间判断。这是连续第二天在万例以下。随着检测的加强，这里波动挣扎一下，就会迅速下降。从顶部数据27000到17000，用了8天，从2万到1万以下，用了4天或5天。28日到5月5日，还有7天，基本够用。2.出舱人数经2天在高位大幅放量后,4月28日向正常回归,出舱14994人，略低于对应量26日出舱30534人,27日出舱24877人,将前期积压的人员清空了,且超过对应量。28日对应量为16407人，实际出舱人数14994人，相差1413人，属于正常波动。3.日死亡52人,累计死亡337人,累计确诊51327人,死亡率0.656575%。死亡率上升0.035%。我从2020年1月26日开始研究疫情数据,至今疫情死亡率数据,一直保持统一口径没变过。武汉疫情之初，当初不知道这是个啥病，国家将它命名为新冠肺炎。所谓肺炎，必须有确认标准，除了症状之外，就是医学影像学B超所谓的白肺。当时还没有无症状感染者一说。无症状感染者是什么时候发现的呢？是后来在河南首先发现的。因为有个女的坐车到外地去看朋友，她当时不是新冠肺炎，但把朋友感染了。流调不理解，因为她的朋友没有接触新冠肺炎病人。紧密流调追踪，把她拉去一检查，才发现她核酸阳性，无症状，居然还能感染人。国内这才定义无症状感染者。中国当初的处理办法是，将这批人归于观察人群，隔离观察，但是没有命名。一直到河南这例传染人的事情发生后，才命名无症状感染者。因为前期将无症状感染者和密接、次密接都统一归于观察人群，因此，最初无症状感染者的数据是没有的。武汉数据、湖北数据、全国数据，有观察人群数据。但没有无症状感染者数据。因为密接和次密，很多都没有感染，他们同无症状感染者的数据混在一起。少数无症状者跟他们都属于观察人群，这样两边的数据是混合在一起的。这个不是中国有意将两者混淆，而且当初不知道他们也传染人。现在上海将他们放到方舱医院，确诊后转医院。但现在无症状感染者同密接和次密是严格分离，数据也是分开算的。所以，我的数据研究，一直保持着统一的标准，以便好比较。今天持这样的标准，明天是别样的标准，这样换来换去，那不叫研究，而叫随心所欲。我这样研究，跟人品有啥关系？研究需要严谨而已，别往人品上扯。4.社会面清查出108例感染者,4月27日是192例。因此，还有7天，社会面清零应该没有问题。不排除提前。俄罗斯和乌克兰方向，现在是马里乌波尔最后攻坚阶段。中国是上海攻坚。",1,0,0
LqwQF7nUH,市政投资集团开展疫情防控及安全生产专项检查　　为全力做好疫情防控及安全生产工作，4月26日下午，市政公用集团总经理助理，市政投资集团党总支书记、董事长邹建伟，副总经理甘霖带领工作小组深入开展疫情防控及安全生产专项检查行动。　　首先，工作小组一行对投资集团所有消防设施、安全疏散通道、办公场所的用电设施及食堂断水断电断气情况等进行了全面检查，其后对投资集团疫情防控工作台账及防疫物资的储备情况进行了专项检查。　　检查结束后，邹建伟针对当前疫情防控及安全生产工作提出三点要求：        一要严格落实疫情防控各项要求。落实落细省、市、区及集团关于疫情防控的文件精神和各项举措，在做好疫情防控的同时要统筹抓好安全生产工作。       二要强化落实安全生产各项工作。持续开展隐患排查活动，严格落实集团“三个一”安全检查长效机制；加强安全生产教育培训，提高全员的安全意识和应急处置能力，确保投资集团安全生产形势持续向好。       三要全面落实全域动态清零各项任务。落实全员“应检尽检”的核酸检测频次及单位场所预防性消杀专项行动。对进出办公场所的人员进行“五查一戴”的标准化管理，确保办公场所及工作人员防控措施落实到位。,1,0,0
LqnJXat5Z,说实话，现在我没那么生气了，一整个“静待解封”的心态，不是乐观地相信清零、封控总有一天能把问题解决，而是相信这种不可持续的、完全耗竭式的做法是进行不下去的，它自己就会瓦解，不论你把这说成是自然规律的某种惩罚，还是人的求生本能的清醒与自救。 ,1,0,1
LqhmvkTjZ,一夜之间我的家乡按下了暂停键，突如其来的疫情，连夜全民做核酸，全市静态化管理，为全国喊了无数次加油，这次我们为自己加油，愿疫情早日散去，丹东加油???? dd平凡的人的微博视频 ,1,0,0
Lq84qBR7W,昨晚后半夜，几次被暴雨的咆哮声惊醒，感觉就如同唾在虎跳峡边。还听到一串持继时间很长的雷声，心惊肉跳。有间房窗户半开，万雨水飘了进来，大片地板湿透，有些地方还起了皮。今天基本没雨，只是阴，但很潮，打开冰箱，一片白雾。中午问母亲，昨天为什么大半天不说话。母亲说不记得了，又说昨天后来突然说出来了。卫健委的梁专家对媒体说，奥密克戎不是大号流感，病死率0.7%多，是流感的7倍多。这大概是香港的数据，拿来吓唬上官下民，全然没考虑年龄结构，疫苗按种率的影响。大A股和港股再次暴跌，只因为朝阳群众也开始抢购囤货了，因为朝阳群众也怕封城。是哪些利益集团欲置中国经济于死地，替美帝实现对中国崛起的遏制?#暴雨##虎跳峡##股市##卫健委##朝阳群众##囤货##封城么##利益集团##美帝##小镇故事#我们动态清零的目的之一就是要体现对美国的制度优越性。由于超额死亡人数没官方来源，我们不妨认为，只要与新冠相关的死亡人数占总人口的比例（粗死亡率）低于美国，那就证明我们的制度比美国的优越。目前看来，美国的粗死亡率在3‰左右。比内地疫苗接种率低很多的香港，其粗死亡率在1‰多点。参考吉林上海现状，合理推测，内地即使不封城和频繁的核酸检测，粗死亡率将明显低于1‰;如果内地的三针接种率达到新西兰和新加坡（两国刚从清零转共存，粗死亡率0.1‰多点）的水平，并对老年人开放mRNA疫苗接种，粗死亡率降至0.3‰甚至0.1‰之下并非难事，对美国的制度优越性不言自明，且经济受的负面影响也很小，何乐不为。在此呼吁，对老年人和有基础疾病的人开放mRNA疫苗;进入封闭空间的公共场所（飞机，火车，地铁，公交，超市等）须接种了三针疫苗或持48小时内核酸阴性证明，以鼓励打加强针;进入其他公共场所，须接种了至少两针疫苗或持72小时内核酸阴性证明，以鼓励疫苗接种;跨省流动须持48小时内核酸阴性证明，以减少长连接的传染;无症状，轻症，密接和次密接人员可选择居家隔离;取消其他限制。#美国##租死亡率##疫苗##核酸##制度##优越性#,1,0,1
LpYh6jhzz,景俊海：坚定不移贯彻“动态清零”总方针 一鼓作气实现疫情防控目标景俊海：坚定不移贯彻“动态清零”总方针 一鼓作气实现疫情防控目标 ,1,1,0
LpOheBmEX,#我是上海抗疫志愿者# 早日摆脱疫情扩散困扰，人人有责，匹夫有责，尽一份力，早起解封。抗疫之路之商户封控? 道路核验? 物资证明? 核酸指引管控? 小区封控? 联合管控…感受不一样的抗疫路程，疫情之下防范?管控?封控，三区分管，期待清零。 上海 ,1,0,0
LpFj8BJrB,【榆阳区横山区发布关于新冠肺炎疫情防控静态管理实战演练的通告】为全面加强新冠肺炎疫情防控工作，进一步提升疫情应急处置能力，切实保障人民群众生命安全和身体健康，按照区疫情联防联控领导小组统一安排部署，在榆林中心城区榆阳12个街道片区开展新冠肺炎疫情防控静态管理实战演练，现就有关事项通告如下：一、演练时间。2022年4月22日17时起至4月23日20时止。,1,0,0
LpvQq1KCv,#沣东新城# 沣东新城关于解除全域临时静态管理的通告根据疫情防控有关规定，经专家综合研判，现就沣东新城解除全域临时静态管理通告如下：一、解除全域临时静态管理从2022年4月21日22时起 ，解除沣东新城全域临时静态管理，除封控区、管控区外，其他区域恢复常态化管理。二、全面落实常态化疫情防控措施（一）实行常态化管理的区域要严格落实疫情防控属地、部门、单位、个人“四方责任”，各单位、小区（村）和公共场所严格执行扫码、测温、戴口罩、一米线、规范消杀等常态化防控措施，提倡少出门、少串门、不扎堆、不聚集、勤洗手、常通风，做好人员健康管理，不再查验48小时核酸检测阴性证明。（二）在落实好各项疫情防控政策的基础上，各商场、超市、沿街门店恢复营业，餐饮业控制就餐人数和餐位距离，宾馆、单位内部食堂分时分餐，提倡隔桌就餐、就餐人数不超过餐位数的50%；旅游景区、剧院等公共场所按规定落实限量、预约、错峰等要求，接待量不超过最大承载量的75%。公交车、出租车、网约车等交通工具全面恢复运营，继续查验乘客健康码，司乘人员需做好个人防护。（三）严格控制聚集性活动，举办会议、聚会等活动应当控制人数，尽量举办线上会议或视频会议，50人以上活动应制定防控方案，按照“谁主办、谁负责”“谁审批、谁负责”原则，在举办活动5个工作日前向沣东新城或辖区街道疫情防控指挥部报备申请。提倡家庭聚餐聚会等不超过10人，提倡“喜事缓办，丧事简办，宴会不办”，确需举办的尽可能缩小活动规模。承办5桌以上宴会等聚餐活动，须向属地社区、村报备，落实属地疫情防控规定。（四）强化重点人员及行业管控措施。? 一是中风险地区未解除之前，新城人员非必要不离市，确需离市的，由辖区街道疫情防控指挥部出具离市证明。14日内有新增本土新冠病毒感染者所在县（区、旗）旅居史人员非必要不来返新城。省外来返人员要及时向所在社区（村）、单位、酒店等主动报告，7日内不聚餐、不聚会、不前往人群密集场所。? 二是物流行业所有外来车辆实行“逢车必检、逢人必验”，严格测温、查验48小时内核酸检测阴性结果、陕西一码通绿码、通信大数据行程卡，严格核查人、身份证件、手机等信息一致性。所有来返新城的货运物流、邮政快递司乘人员扫“西安货运码”登记人员及货运信息。? 三是返陕务工人员。必须提前3天向返回地社区（村）报备，在返回前72小时内开展2次核酸检测（间隔24小时以上），并提前至少24小时主动报告返回路线、交通工具和到达时间。三、加强封（管）控区域管理和服务保障（一）现有的封控区、管控区在未解除之前，继续按照规定严格落实相应管控措施。封控区继续实行“区域封闭、足不出户、服务上门”，进行全封闭管理，禁止人员进出，严格落实居家隔离措施。管控区继续实行“人不出区、严禁聚集”，禁止外来人员进入。（二）封控区“一办七组”继续做好封控区域管控和服务保障工作，明确专人负责居民基本生活物资供应，指定专门医疗机构为封控区居民提供就医服务，为孕产妇、独居老人、生活困难群众等提供便利上门服务。（三）用心用情用力为管控区内居民及特殊人群做好生活物资、医疗保障、困难救助等工作。设置便民服务点，强化生活物资保供“三人组”，通过预约、错峰等方式引导居民有序采购生活物资，切实避免人群聚集。沣东新城疫情防控指挥部     2022年4月21日 西安,1,0,0
LplrcohHd,近日，#吉林省# #长春市# 发生了一件惊炸天的事情，一位核酸检测结果为阳性的外卖骑手偷偷送了100多单外卖，足迹遍布朝阳、南关、宽城、二道等多个城区，造成疫情传播重大风险。据悉，该男子违反静态管理规定，并逃避几轮核酸检测，从3月20日到4月16日，多次采取钻栅栏的方式脱离其居住小区，进行外卖配送服务，先后在长春市朝阳、南关、宽城、二道等多个地方，配送物资100余单。另外，该男子任职的某网络科技有限公司管理人员戴某、王某，违反管理规定，对造成疫情严重传播风险负有直接责任。目前，三个人已经被警方立案侦查，并依法采取刑事强制措施。涉及到的居民区正在调查统计当中。现在无法想象这100多单物资的主人是什么心情？这些物资主人的小区邻居知道了以后，又会是什么心情？当然，你们也是无辜的受害者，但是请你们做好消杀防护，暂时离其他人远一点吧！祈祷都能够平安无事，关键时期，大家都配合一下疫情防控工作，大家都不想在到达终点之前，又重新回到了起点。,1,0,0
Lpc9c48qu,静态管理第三天，继续打卡减脂操 ,0,0,0
LpaFl1WzD,#上海就前期核酸安排造成不便向市民道歉#道歉有用的话要警察干嘛啦封了20天才知道核酸安排有问题啊多少病例是做核酸交叉感染的，一直做核酸是想把阴性全部清零吧 ,1,0,1
Lp3fEwAZs,#上海农户蔬菜烂在地里事件实情#【上海有农户说蔬菜烂在地里卖不掉？生产基地目前为封控区，无法外运，已制定复工复产方案】#上海农户蔬菜为何烂在地里# 近日，有自称为上海青浦区朱家角镇的农户通过短视频表示，自家和村里的蔬菜由于卖不掉，不得不直接在生产基地销毁，“外面小区买菜买不到，而我们这里的蔬菜基地一根（菜）也卖不掉”。视频在圈群传播后，上海辟谣平台收到留言，希望了解实情。对此，市农业农村委与青浦区农业农村委回复表示，经核查，视频拍摄者来自朱家角镇万隆村蔬菜基地，该基地属于朱家角镇保供单位；其西北侧的蔬菜配菜中心是市新冠疫情防控农产品供给保障重点企业下属单位。从4月11日开始，配菜中心员工陆续出现新冠病毒感染情况。截至4月18日，万隆村共确诊13例，已判定密接10人，另有高风险人群10余人。4月12日，经青浦区专业部门判定及朱家角镇疫情防控工作领导小组讨论决定，将万隆村升级为封控区，落实足不出户管理，因此视频发布者所在的蔬菜专业合作社蔬菜无法外运。针对农民关心的“菜怎么卖”问题，相关部门自4月14日起就已采取了防疫举措，争取早日复工复产：4月14日，朱家角镇防控办联系青浦区疾控部门后，对该区域环境进行采样，采样结果显示为阴性。4月16日，朱家角镇疫情防控工作领导小组根据青浦区统一布置，将万隆村列为攻坚清零区，派驻攻坚工作组入驻指导各项工作。4月17日上午，经涉事合作社申请，根据人员核酸、抗原检测及环境检测结果，万隆村、镇农服中心已与合作社对接蔬菜安全采摘及销售事宜，共同制定防疫期间复工复产方案，考虑恢复蔬菜基地生产销售。截至发稿，视频发布者已删除相关视频。市农业农村委也表示，近阶段正落实各项措施，推进蔬菜生产相关主体复工复产，进一步加大地产蔬菜供应量，畅通地产蔬菜的销售渠道。一是加紧释放劳动力。针对生产一线人员复工复产，正在研究制定全市统一的操作手势；同时要求各区在确保防疫的基础上，动员镇、村组织劳力帮助合作社、菜农等解决采收、包装等劳动力需求。二是进一步增强运力。加强与各涉农区协调，在落实疫情防控要求的基础上，在全市发放2900余张保供通行证，要求各区尽可能将田头蔬菜运出去。同时进一步挖掘现有通行证的潜力，实现动态平衡，提升运输效率。三是成立产销对接小组，收集动态信息，指导各区动员行政区域内具有收购和配送能力的企业和合作社帮助中小散户收购在田蔬菜。四是对规模企业加强产销对接，通过集采、集配、集送等模式对接社区、保供单位、新零售企业等，扩大销售量。五是对中小散户，扩大点对点供给，通过动员重点保供企业、合作社等对接，增加地产蔬菜采购比例，帮助基地解决销售难问题，并增加蔬菜上市量。（上海网络辟谣）,1,0,0
Lp2fiDqlu,#江苏徐州睢宁新增初筛阳性89例#打雷闪电、刮风下雨 依旧阻挡不了，睢宁人民做核酸抗疫情的决心！期待早日清零，睢宁 加油? 徐州 弋U的微博视频 ,1,1,0
LoSeTyfBU,#上海现有重型病例16例仅有一例全程接种疫苗#提高疫苗接种率才是王道，但现在这种情况，全部医疗资源都投入到全员核酸当中，你告诉我谁来接种疫苗？有人力物力去做全员核酸，不如全员疫苗。可以参考防疫成功的国家，例如新加坡和瑞典，70岁以上老人疫苗接种率在90%以上。不要再搞绝对躺平和绝对清零的二元论了，明明有科学躺平和科学清零的中间地带，作业为什么不抄？ 上海,1,0,1
LoLrli3iU,著名经济学家马光远和《环球时报》总编辑胡锡进扛上了，马光远怒怼胡锡进：“你酒足饭饱后，看看那些经营困难的中小微企业！”现在上海，苏州，吉林等地受疫情的严重的影响，很多人停工，停产，封控。胡锡进认为：保护人民生命安全为上，GDP降一点那就降一点，人们不要焦虑，清零是国家的决定，也是必须的。著名经济学家马光远看到了，立刻隔空喊话道：“说得这么风轻云淡，感觉家里有矿。”意思是有考虑过个体经营户和做小生意的人的死活吗？胡锡进站在防疫角度人民生命安全来谈的，而马光远作为经济学家，他更偏向于经济角度。这真的是一个大难题，只要保障人民生活安全，又要兼顾国家经济~如何做到双赢？你们支持哪一方？,1,0,0
LoC5BhOAl,《【#上海市委书记感谢市民作出的贡献#】上海市委书记李强表示：我们坚决贯彻落实总书记一系列关于疫情防控的重要指示精神，坚持“动态清零”总方针不动摇，全市人民紧急动员起来，广大党员干部冲锋在前。要特别感谢我们的上海市民所作出的贡献，支持理解配合我们的防疫政策，守望相助，相互鼓》网页链接 ,1,1,0
LoBbpcnpF,汪涛今天的文章：对付隐形战争的战略战术――如何赢得战略防御抗原检测的陷阱：除了灵敏度低、假阳率高，还依赖自检者自觉上报（造假或隐瞒检测结果很容易）。“……疫情已经发生2年多了，根据大量中国的实际经验，尤其一些大规模爆发后封城的实践经验，例如：武汉、西安、南京、扬州、吉林、深圳等。加上对核酸检测技术现状的分析，我们已经可以对用封城方式实现清零有这样一个基本的判断：采用有效的全员核酸检测方法，只要上下一心全力配合，可以实现3检清零，1周内完成。只要没有人为的规模庞大的刻意反清零干扰，最差情况也可以实现4检、5检清零，时间为1个月以内。病毒的确是很凶险的，但也有很大的弱点，一旦超过两周没有传播途径，很快就会完全消亡。如果超过1个月不能清零，就只有一种可能，就是受到隐形战争大规模攻击人为破坏导致。以sh的技术实力，一个星期之内不能清零，就是无能或者上当受骗，不要再找其他任何借口。……”,1,1,0
LosekmllG,#西咸新区沣东新城全域临时静态管理# 芭比Q了，解封了两天，又要被封了上一个文件还没我们几个小时后就喜提全域临时静态管理了还传言要喜提七天了菜我都不想囤了累了累了希望明天一觉起来物业发的通知是去做核酸而不是居家隔离明天我还想带娃去游泳呢 ,1,0,0
LopLL8hRs,其他城市出问题，封控，隔离，清零上海出问题，“防疫政策要改”“性价比太低”“现在毫无作用”忘了日增两万是怎么开始的了么？ ,1,1,0
Log9CDn3z,"【接种疫苗不能停！山西省疾病预防控制中心再发提示】2022年4月11日0-24时，全国新增新冠肺炎本土确诊病例1251例，新增本土无症状感染者23295例,连续7日全国单日新增病例超过2万。山西忻州、大同、太原、晋中、临汾、运城、阳泉多地发生疫情，疫情防控形势复杂严峻。为持续坚持“外防输入、内防反弹”总策略和“动态清零”总方针，维护三晋人民身体健康和正常社会秩序，4月12日，山西省疾病预防控制中心提示如下。履行公民义务，落实疫情防控要求疫情防控是全社会的共同责任，请公众自觉遵守各项疫情防控规定，积极配合落实疫情防控措施，非必要不出省，减少跨市流动，如确需出行，请随时关注健康码、行程卡状态，做好个人防护，准确、全程记录活动轨迹。近期，要停止聚集性活动，减少人员聚集，严格落实婚事缓办、丧事简办、宴会不办的防控原则。不信谣、不传谣，不随意通过微信群、朋友圈、微博等转发各种“小道消息”。封控区、管控区、防范区居民要自觉落实疫情防控指挥部和社区的管控要求。严格遵守疫情防控规定是阻断新冠肺炎疫情传播的重要举措，也是广大公民应尽的义务和责任。对不按规定落实疫情防控措施、不如实报告个人行程、隐瞒接触史，引起传染病传播或严重传播风险，造成严重后果的，将依法严肃追究法律责任。加强个人防护，做好自我健康监测每个人是自己健康的第一责任人，请公众持续坚持戴口罩、勤洗手、保持社交距离“三件套”。外出时，遵守预约、限流规定，配合公共场所测温、验码（健康码、行程卡、场所码）、戴口罩疫情防控“三要素”。坚持“人物同防”原则，接收邮件和快递时，落实先做防护再接收、消毒静置再使用、拆完邮件要洗手、包装处置要规范、异常情况早报告“五要求”。养成勤洗手、常通风、分餐制、用公筷、一米线等良好卫生习惯，一旦出现发热、干咳、乏力、咽痛、嗅（味）觉减退、腹泻等新冠肺炎可疑症状时，做好个人防护，前往就近的发热门诊或定点医疗机构就诊和排查，并如实告知旅居史和接触史，就医途中不得乘坐公共交通工具。接种新冠疫苗，共筑免疫屏障接种新冠疫苗是阻断新冠病毒传播最经济、最有效的手段。未接种新冠病毒疫苗的群众，在没有接种禁忌症的情况下，请到就近的接种门诊尽快接种新冠病毒疫苗，18岁以上人群完成全程接种后满半年尽快接种加强针。",1,0,0
Lo9EdB6zu,今天真的是非常非常憋屈的一天，一老一小的事情已经足够让我焦头烂额了，下午开始就收到各种群聊和私聊的询问：你司被骂得很惨，到底怎么回事。去把朋友圈里各种憋着一口气又不知道说什么好的动态全部点了一遍赞。这个破厂真的是有情怀的在，局外人可能感受不到每年赈灾支援或者大促清零的这股劲儿，但凡没有这股劲儿我真的早就跑路了。加油吧，一线不容易，都别寒了心。,0,0,0
Lo7X1cppl,#疫情阻击动态#【#吉林长春又有多区基本实现社会面清零#】4月12日，吉林省长春市召开疫情防控工作新闻发布会，4月10日12时―4月11日12时，长春市完成新一轮核酸检测。按照国家疫情防控有关规定，经长春市疫情防控指挥部研究判定，长春净月高新技术产业开发区、长春新区、长春经济技术开发区、二道区基本实现了社会面动态清零。（光明日报全媒体记者任爽）,1,0,0
LnZDQ2ZZo,今天疫情防控措施已经持续十多天了，大家都非常理解国家动态清零任务支持封控 ,1,1,0
LnQdRpuPx,就在刚才8点30分，从花香月色中散步归来，我看到3个消息，让我感慨万千，这些消息都跟我们中国密切相关！明天股市如何走？，具体如下：1.中信证券悄然下调茅台目标价至2246元，降幅25%。贵州茅台作为A股股价的“天花板”已有多年，中信证券悄然修正了贵州茅台的最新目标价2246元/股。在2020年基金抱团白酒股的时候，其目标价达到3000元每股，到今年最低跌幅到1500元每股。现在价位1784元，距离2246元，还有460元的距离，蹦一蹦还是能够摸得到的，但对于3000元的目标，还有接近一倍的距离。主力资金为了出货也是尽大可能夸张茅台的价位。不管3000也好，2000也罢，贵州茅台酒在市场上平价是买不到的，即使开通了一个茅台抽签的通道，申购的一万人去争抢40瓶酒，那感觉很酸爽。在普通老百姓的心目中，贵州茅台就是一个神话般的存在，已经丧失了作为白酒的最根本的消费属性，更多的是金融属性在里面。买回家来还是舍不得喝，希望它增值。2.管涛：二季度，降准降息空间仍存。对国内经济，结构性货币政策的精准滴灌，同时，稳健的货币政策加大对实体经济的支持力度也离不开总量工具，下阶段要适时出台降准、降息等总量政策。降息对降低融资成本的效果更直接，而降准的传导链条会更长一些。我国降准、降息的空间依然存在，两项工具可以交叉使用或叠加使用还是降息来得更直接一些，因为降息是在企业的层面直接进行减免，可以在财务报表上利润增加额当月就能体现出来，货币资金流直接被节省。而降准则是在金融行业进行具体实施，有了一定量的资金头寸，再通过资金的放贷流转到实体当中去，这就需要一定的时间和过程，相对比较缓慢，中间环节或许还有资金的流失，因此，降准的效果没有降息的效果来的更直接。三月份疫情的复发，对国民经济造成了一定量的冲击，稳妥看，直接降息对企业的促进作用更大一些，个人观点认为，四月份降息的概率偏大。3.在熊市的环境下，私募炒股水平不如散户，牛市缔造了神话，熊市就是神话的破灭。百亿私募一季度整体亏超9％，仅有8家百亿私募实现正收益，占比不到10％。主观股票类全军覆没。行业管理上唯有供煤炭板块以及稳增长地产、银行等板块上涨。而基金重仓的方向，如食品饮料、医药生物、新能源、新能源车板块均下跌-20％左右。在牛市的环境下，即使基金经理和私募经理啥也不干，闭着眼睛去抓不太差的股票，基本也能跑赢或者持平沪深300，像今年这样的环境，私募和基金有的甚至不如散户炒股的水平高，也是一赚两平七亏损，都彼此彼此吧！体现一个基金经理的水平，不是在牛市，而是在熊市的环境里，看谁赔的少，甚至能跑赢大盘。4.市场情绪有所修复，市场抄底机会来临。进入1月，市场进入对措施执行落地不足的担心，市场从1月开始下跌，2月俄乌冲突，3月疫情冲击经济复苏。结果A股、中概股、港股等遭受了很大抛压，甚至陷入“恐慌螺旋”。像是一种“应激反应”的情绪性宣泄。大盘从3720点到现在，跌幅也达到接近500点，接近15%的水平，处于相对的历史阶段底部。进入二季度，随着上海疫情的动态清零，各行各业的复产，房地产建设进度的提升，相关政策暖风的频吹，俄乌局势的相对缓和，国家各种政策暖风的频吹，人们的情绪面会逐步得到平复，现在的阶段估值更接近于黄金坑的底部，因此，现在看做是黄金坑来临也不为过。因此，四月份，五月份和六月份将会是窄箱体逐步震荡向上的一个过程，这也是情绪面结合资金面潜移默化的一个特点。今天七点半，一个重大的利好被曝出，建设统一的全国市场，在数字经济，能源板块，电力板块，产权交易，低碳经济等各行各业要求和谐和统一，利好股市的全面发展，同时，结合技术面的揉搓线，明天大概率股指高开，但是叠加新股上市的增多，有可能高开平走甚至低走。因此，明天谨防前期过热的板块借利好冲高回落。轻大盘重个股还是要看的，不要重仓，轻仓操作即可。,0,0,0
LnNTxgNGV,12、动态清零的重要目标之一，是防止医疗挤兑，因此杜绝任何新冠患者独占医疗资源（宁愿空置浪费）的行为，必须让其它危重急症的普通患者得到及时治疗。防疫是为了救人，而不是产生次生伤害。上海防疫，背后的国本之争 ,1,0,0
LnFkSDp41,【#4月8日保定安国新增42例阳性感染者#】今天下午，保定安国市政府新闻办召开新冠肺炎疫情防控工作新闻发布会，发布全市疫情防控最新情况。发布会通报，截至4月8日14：00，安国市已完成第9轮核酸检测，采集样本303972份，已出结果303972份。其中，在隔离点检出新增阳性感染者42人，涉及全市3个乡镇（街道）、3个村、6个社区，流调出新增密接人员113人，已全部集中隔离。目前，该市累计检出阳性病例（轻症、无症状）共计201人。值得注意的是，#4月8日安国首日实现社会面清零#，标志着疫情防控工作取得阶段性成果。据了解，截至目前，安国市已启用隔离点32个，包括在外地启用18个，累计隔离人员5882人。近几天，随着病例人数和重点管控人员增加，为进一步提高核酸采集效率、提升隔离转运水平，安国做了以下工作：一是调整策略，保证核酸采集效率。针对新形势，及时调整疫情指挥体系，每个市级领导牵头组成1个小专班，根据分包安排包联点位，维护现场秩序，协助信息登统，核酸检测全面提速；二是加强调度，组建了调度专班和转运专班，统筹调度隔离转运工作，目前隔离转运工作有效顺畅，解决了“车到人不到”“人到车不到”等问题。同时成立了核酸检测、流行病学调查工作领导小组，组建“一办八组”，统筹负责安国域内核酸检测和流行病学调查等工作，保证信息不走样、数据传输零延误；三是“人”“技”结合，保证封控人员足不出户。保定市抽调干警651名支援安国封控管控工作。目前，每个村（社区）配备公安干警3人、基层民兵3人、县乡干部3人，以及村干部、志愿者11人，组成20人左右的管控帮扶组，确保封住管好。截至4月8日12时，整合水利高点20个，环保高点9个，铁路高点1个，平安乡村低点监控234个，新建147个高点监控，共计建设、整合411个视频资源，全市198个行政村、7个社区实现了视频监控全覆盖，确保人不下楼、足不出户。此外，该市8条公交供给线路运行稳定，生活物资、疫情防控物资供应充足。4月8日，销售蔬菜86吨、米30吨、面40吨，油400桶，猪肉15吨，水果4吨，发放口罩10000余只、防护服3900余套、84消毒液3800余瓶，同时为外来医护工作人员、集中隔离点、抗疫一线人员发放综合生活物资12507件，有效保障群众生活、抗疫需求。（长城网）,1,0,0
LnvA7kq56,【#非必要不来邯返邯#，邯郸市交通运输局致邯郸市民一封信】为全面阻断新冠肺炎病毒传播风险，全力做好新冠肺炎疫情防控工作，经邯郸市疫情防控工作领导小组分析研判，决定对邯郸市主城区（环城高速公路以内）及周边实行封控管理，开展全员核酸检测。为确保您和家人以及全市人民的健康安全，在此提示大家：一、非必要不来邯、不返邯。为避免旅途中的感染风险，保护您和家人的健康，请暂时取消返邯计划，留在当地做好个人防护。如果您的亲朋好友近日有来邯、返邯计划，请及时告知当前我市疫情管控政策和措施，耐心做好思想工作，劝其克服困难，暂缓来邯、返邯。二、封控区域。丛台区、复兴区、邯山区、经济技术开发区所有区域。三、封控时间。2022年4月8日0时起实行封控，暂定3天，解除封控时间另行通知。四、交通管控措施。封控期间，封控区域将保持静默状态，做到外不进、里不出、内不动。（一）邯郸市主城区公交线路、客运班线、出租客运全部暂停运营。邯郸汽车客运总站、邯郸客运中心站暂时闭站停运，邯郸机场近日航班全部取消，邯郸火车站和邯郸高铁东站暂停旅客进出站。（二）封控期间，邯郸市丛台区、邯山区、复兴区、邯郸经济技术开发区四区全域范围实施交通管控，过境车辆一律绕行。封控期间，绕行路线如下：东来车辆绕行路线：东来车辆通过青兰高速、邯郸绕城高速、京港澳高速绕行。西来车辆绕行路线：西来车辆通过青兰高速、邯郸绕城高速、京港澳高速绕行。南来车辆绕行路线：南来车辆通过京港澳高速、邯郸绕城高速、青兰高速绕行。北来车辆绕行路线：北来车辆通过京港澳高速、邯郸绕城高速、青兰高速绕行。再次提醒，为了您和家人以及全市人民的健康安全，最大限度降低新冠肺炎病毒传播风险，请非必要不来邯、不返邯！由此给您带来不便敬请谅解！衷心感谢您的理解、支持与配合！让我们众志成城，携手同心，共克时艰，共同打赢这场疫情防控的人民战争！,1,0,0
LnnplFc2u,【张志军督战主城区清零攻坚行动时强调 紧盯目标 协同作战 扎实推进社会面动态清零】4月6日，省委常委、市委书记张志军到南关区、二道区、净月高新区、经开区实地督战清零攻坚行动，扁平化指挥疫情防控工作。他强调，要深入贯彻习近平总书记重要指示精神，坚持科学精准防控，发挥协同作战优势，紧盯目标，扎实推进社会面动态清零。 长春新闻的微博视频,1,1,0
Lnerso2LG,【注意！#吉林街头两野猪狂奔#】4月5日，吉林长春。当市民都在家静态管理时，巡逻人员发现竟有两只野猪在街上狂奔。观观提醒：在路上遇见野生动物请勿靠近，注意安全！#蓝V视界#   四川观察的微博视频 ,0,0,0
Ln3lSzxhG,全球玻璃看中国，中国玻璃看沙河，突如其来的疫情打乱了玻璃原来的节奏，今年地产放贷又加快了，流动性一解决，玻璃也要跟一波，最近螺纹和pvc玻璃都很强。沙河发布”公众号4月3日发布消息：鉴于周边县区疫情形势严峻复杂，为切实保障全市居民群众生命安全和身体健康，依据相关法律法规和疫情防控有关规定，经市新冠疫情防控工作领导小组研究，决定实施全域封控、全员核酸检测。                                                               沙河疫情实施全区管控下对短线的玻璃影响有多大呢？玻璃厂区现在也要求，尽量不要车辆进出，但是特殊应急的车辆需要报备，报备之后是可以进出的。”  “现在沙河是静态管理，周边县区情况严峻。玻璃企业可以出货，但是会受影响，目前运输车辆上贴封条，人员不下车、不接触是可以装车的，目前高速上下口都封着，货物发不出去。沙河是北方地区重要的玻璃集散地，物流通畅与否关系到玻璃产业能否健康运转。疫情及淡季库存累积对玻璃现货的冲击尚未结束，但随着政策端对房地产支持信号的再度明确，玻璃需求回升预期更加稳固。同时，政策效果体现到房地产企业资金状况及玻璃深加工企业订单上需要一定周期，短期仍考验近月合约的成本支撑力度，推荐逢低布局旺季2209合约。                                                         玻璃的价格弹性比较小，同时玻璃容易储存，所以趋势性比较强。实际交割的比较少，大部分时间是基本面跟着盘面走。玻璃主要是自产自销不受国外环境影，走势特立独行，研究起来没有那么复杂，深受投资者关注的一个品种,0,0,0
LmVz8bdfR,【云南省中高风险地区已清零，目前全省均为低风险地区】根据国务院联防联控机制有关要求，经瑞丽市新冠肺炎疫情防控工作指挥部研究决定，自2022年4月3日20∶00起，瑞丽市姐告国门社区由中风险地区调整为低风险地区。目前，云南省中高风险地区已清零，目前全省均为低风险地区。（ 云南卫健委微信公众号）,1,0,0
LmMI4AMDx,【#孙春兰在沪调研疫情防控工作#：坚定信心迎难而上周密组织，坚决打赢大仗硬仗】据“上海发布”，中共中央政治局委员、国务院副总理孙春兰今天（4月3日）在上海调研疫情防控工作，前往集中隔离点、医疗救治点、高校、公安指挥中心，实地了解隔离管控、医疗救治、校园防疫以及流调溯源等情况，看望持续奋战一线的抗疫人员，转达习近平总书记对广大干部群众的关心和慰问。孙春兰强调，要深入贯彻习近平总书记重要指示精神，坚决落实党中央、国务院决策部署，坚持“动态清零”总方针不犹豫不动摇，坚定信心，迎难而上，周密组织，坚决打赢疫情防控大仗硬仗，全力守护人民安康、保障城市运行。市委书记李强参加调研活动。孙春兰一行首先来到华明苑公租房集中隔离点，了解工作运转、服务保障、力量配备以及智慧管理等情况，要求更加周密细致地做好隔离人员管理服务工作，把规范管理、人文关怀和心理疏导各项举措做深做细做到位。在市老年医学中心，孙春兰与中山医院、瑞金医院医疗队连线，了解医院开展医疗救治情况，要求加强分类救治，不断优化完善诊疗方案，以医者仁心、精湛医术护佑每一个生命，叮嘱医务人员认真做好院感防控和个人防护。在上海交通大学闵行校区，孙春兰听取学校疫情应急处置情况汇报，详细了解交大在闭环管理、学生管理等方面的做法，要求压实主体责任，科学精准防控，切实守护校园安全、师生安全。孙春兰还来到市公安局指挥中心，听取智慧公安系统防疫应对处置工作汇报，要求保障封控区、救治点和社会面安全，用好大数据分析等信息化手段，加大流调排查力度。孙春兰指出，上海作为人口高度密集的超大城市，也是承载特殊功能的经济中心城市，在坚决控制疫情的同时，保障上海城市和核心功能稳定运行意义重大。有关部门要发挥各自职能和专业优势，及时调集资源力量，强力支持上海开展防控工作。要坚持事不过夜、兵贵神速，着力破解瓶颈短板，从严落实防控措施，尽快斩断疫情传播链条。要加强扁平化统一指挥，压实主体责任，有序组织实施好全员核酸筛查，加强“采、送、检、报、复”各环节的组织和衔接。要着力挖掘集中隔离房源资源，备足隔离床位，提升管理效率，尽快实现密接人员应隔尽隔、日清日结。要分级分类做好阳性病例诊治，坚持同质化、规范化原则，坚持中西医结合，多措并举提升救治效果。要切实保障封控管控区群众的基本生活和看病就医需求，引导广大市民团结一心，支持各项防疫措施的落实，早日战胜疫情、恢复正常的生产生活秩序。,1,1,0
LmDlFmhKs,真的很难理解，对未来没有发生的假设中的次生灾害各种恐惧，不做评估任意夸大，对动态清零政策当下正在发生的次生灾害却熟视无睹，坐视不理，这就是目前中国在位的一流的流行病学科学家？？？？ ,1,0,1
LmtbXaiGj,#疫情防控#新华述评：坚持“动态清零”不放松！网页链接 ,1,1,0
LmtpZoJkk,愚人节最大的玩笑：全市中心城区实时静态管理居家办公的意思就是24小时待命三点睡觉六点起还不知道工作到几时附上上午的群聊――因为没回消息被点名和阴阳怪气其实醒了就是单纯的不想理 ,0,0,0
LmjpyuTfK,这也是挺有趣的一个现象。公知自由派恨国党躺平放开派这次都在拼命替上海辩护。他们搞错了吧。上海虽然文化上西化，但还是社会主义中国的最大城市。上海是中国的政治高地，党的诞生地，上海不是他们心目中的那个上海。也许他们把打倒动态清零的希望都寄托在上海身上。他们一定会失败。上海一定能战胜疫情，成功动态清零，回复正常的生活的。,1,1,0
LmbnEb9eW,特大型城市，流动人口的量。。。全员静态管理，嗯，加油！看看现在到底有多少人 ,1,0,0
Lm0J7hIBX,【山东每日新增感染者数量下降趋势明显，实现社会面“动态清零”】3月29日下午，省政府新闻办举办2022年疫情防控新闻发布会第十八场，介绍全省新冠肺炎疫情防控工作有关情况。记者在会上获悉，3月28日0时至24时，全省报告新增本土确诊病例9例，新增本土无症状感染者41例，本土无症状感染者转为确诊病例3例。3月28日，全省本土确诊病例治愈出院41例，无症状感染者解除医学观察43例。 山东每日新增感染者数量下降趋势明显，实现社会面“动态清零”,1,0,0
LlParwFpH,民航联盟：疫情防控形势积极向好深圳将分区分类组织企业复工复产上周日因冠病疫情而宣布封城的深圳，将允许在做好疫情防控的前提下，分区分类、有序组织企业复工复产。 综合《深圳特区报》官方微博及深圳市互联网信息办公室官微“深圳发布”消息，深圳昨天新增91例冠病病例，其中71例为确诊病例，20例为无症状感染者。深圳市政府副秘书长黄强今天（17日）在疫情防控新闻发布会上说，目前疫情防控形势积极向好，深圳将科学研判、精准评估，在做好疫情防控工作的前提下，分区分类、有序组织企业复工复产。黄强说，目前全员核酸检测工作进展顺利，绝大部分病例在封控管控区和集中隔离点核酸筛查中被发现，社会面新发现的病例数明显下降，连续两天均为个位数。部分重点区已经率先实现社会面动态清零。全市生活物资供应充足、物价稳定，疫情防控总体形势趋稳可控、不断向好。但他也说，目前全市每日新增病例数仍处于相对高位，个别封控管控区、重点场所、城中村还有散发疫情，疫情输入和反弹风险仍在，疫情防控丝毫不能松劲懈怠。拥有1700万人口的深圳在本月13日宣布全市社区封闭管理、公交地铁停运，成为继西安之后又一个因疫情而封城的千万级人口城市。黄强今天在发布会上坦承，近段时间由于防控措施升级，深圳市企业生产经营受到一定影响。目前疫情防控形势积极向好，深圳将科学研判、精准评估，在做好疫情防控工作的前提下，加大企业服务力度，指导督促企业做好防疫工作，解决用工、资金、原材料供应等实际问题。,1,0,0
LlHQKeaE3,#疫情# 上海明日起进行全市新一轮核酸筛查工作市新冠肺炎疫情防控工作领导小组办公室发布消息：为遏制疫情扩散蔓延势头，保障人民群众生命安全和身体健康，尽快实现社会面动态清零，综合前几轮核酸筛查情况并经专家评估研判，市新冠肺炎疫情防控工作领导小组研究决定，在全市范围内开展新一轮切块式、网格化核酸筛查。现就有关事项通告如下。一、3月28日5时起 ，我市以黄浦江为界分区分批实施核酸筛查。第一批，浦东、浦南及毗邻区域（包括浦东新区全区，奉贤区全区，金山区全区，崇明区全区，闵行区浦锦街道、浦江镇，松江区新浜镇、石湖荡镇、泖港镇、叶榭镇）先行实施封控，开展核酸筛查，4月1日5时解封 。同时，浦西地区重点区域继续实施封控管理。第二批，4月1日3时起 ，按照压茬推进的原则，对浦西地区实施封控，开展核酸筛查，4月5日3时解封 。二、封控区域内，住宅小区实施封闭式管理，所有人员足不出户，人员和车辆只进不出。保障基本生活必需的外卖、快递等实行无接触配送，不得进入住宅小区。三、封控区域内，各级党政机关、事业单位的工作人员，除承担防疫任务、保障基本运转的外，均实行居家办公或就地转为社区志愿者，向居住地所在社区居村委报到，全面参与社区防疫服务工作。因工作需要的医务人员、防疫人员、公安干警、外卖快递人员等凭工作证或单位证明正常出行。四、封控区域内，所有企业实施封闭生产或居家办公，保障市民生活和城市基本运行的水、电、燃油、燃气、通讯、交通、环卫、粮油肉菜供应等公共服务类企业除外。五、封控区域内，暂停公交、地铁、轮渡、出租汽车、网约车运行。疫情防控、紧急就医、生活保障、城市运行、应急处置等相关车辆，经各区政府或各行业主管部门认定核实后通行，其余车辆非必要不上路。六、市、区各有关部门和保供企业要确保生活必需品供应充足、价格稳定，封控期间应需要提供平价主副食品供应。要畅通绿色通道，保障市民群众特别是孕产妇、血透、放化疗等特殊患者的应急就医需求。各区、各街镇和各社区要落实专门的服务保障队伍，及时响应市民群众诉求。七、请广大市民群众支持理解配合全市疫情防控工作，按所在街道社区或单位通知要求，分时段有序参加核酸筛查。期间如未参加核酸筛查，随申码将被赋“黄码”；对无正当理由拒不配合、妨碍疫情防控或造成其他严重后果的，将依法追究其相应法律责任。我们将根据疫情形势优化调整防疫措施。感谢广大市民群众的理解支持和配合！,1,0,0
LlxhJeXhK,#上海承载全国乃至全球重要功能#今天在朋友圈看到的，户外西餐厅不会带来疫情传播，是吗？各地都在努力动态清零，上海的努力总觉得还差点火候 常州 ,1,1,0
LlpEDcLpI,【穿上“五色战袍”，并肩抗疫！】当前，上海重点区域正在开展切块式、网格化核酸筛查，非重点区域则分时分批次开展核酸检测，尽快实现社会面动态清零。为支援奋战在一线的基层社区干部、疾控人员等，上海各级检察院干警纷纷响应号召，同向而行、并肩抗疫。他们穿上不同颜色的“战袍”，活跃在全市各个街道社区，和上海人民一起打赢这场抗击疫情阻击战。网页链接（来源：最高人民检察院）,1,0,0
Llcb4vlTh,【连续两日，兰州新区无新增病例】根据甘肃省卫健委网站连续两日发布的甘肃省新冠肺炎疫情信息，3月22日0时至23日24时，甘肃省新增确诊病例10例，其中，兰州市9例、陇南市康县1例。新增治愈出院15例，其中，兰州市10例、兰州新区4例，白银市景泰县1例。新增无症状感染者62例，其中，兰州市35例、天水市秦州区20例、白银市白银区5例、临夏州广河县2例。新增解除无症状感染者集中隔离医学观察11例，其中，兰州新区2例、兰州市6例、白银市景泰县2例、临夏州康乐县1例。3月5日，兰州新区在重点人群筛查中发现1例新冠病毒核酸检测初筛阳性人员，随即启动疫情防控应急处置机制，快速精准落实“流调溯源―检疫管控―核酸检测―隔离诊疗”全链条防控措施，建立起省市新区联动机制。3月12日10时完成前四轮核酸检测，社会面第一次实现清零。截至3月23日24时，已经连续11天实现社会面清零。在疫情总体可防可控情况下，兰州新区坚持“外防输入、内防反弹”总策略和“动态清零”总方针不动摇，3月下旬，全面加快企业生产、居民生活及商业恢复等各项工作，努力将疫情影响降到最低。网页链接,1,1,0
Ll2Wg8UGl,今早准备出门的时候，我一边换鞋子一边跟老公说：“哎呀，感觉最近不太顺，你说要不要去庙里拜拜啊？”他马上开玩笑似地说：“那我更需要拜吧？我这（公司）都不顺三年了。”想想也是啊，疫情到现在都第三年了，随机不可预料的封控，反反复复的清零，大家都期盼着能有尘埃落定的那天。只是对于我们这些小企业来说，除了全力以赴求生存，更多了一分“看天安排”的不确定。拐爸其实是一个很乐观的人，从疫情爆发到现在，他们公司业务面临了很大的变动与挑战，但我从来没听他说过一句抱怨的话，永远都在积极努力地寻找破局点。每天六点半就起床，在公司加班加点也是常态，就算这样，每周末还要抽出时间来陪家人。和他面临的挑战比起来，我经历的这些琐碎才真的不算啥。生活也许会有点苦涩，但我们也要努力从这苦中尝出一丝丝甜来，这样才能继续向前走啊。,1,0,0
LkW5Ofd36,河北沧州连续六天社会面动态清零 部分县区不再全员核酸检测 网页链接 ,1,0,0
LkJgM3Kbx,今天实行全域静态管理，好安静啊。希望疫情快点过去。#玩转视频道具# LP冬至的微博视频 ,1,0,0
LkELjy6LN,深圳明起恢复社会生产生活秩序深圳基本实现社会面动态清零自3月21日，深圳有序恢复社会生产生活秩序，全市党政机关、企事业单位、生产经营单位等恢复正常工作秩序和生产经营，公交、地铁全面恢复运行，确保产业链供应链安全稳定，确保群众正常生产生活平稳有序。 苏州 ,1,0,0
LkF0Nhv7s,国人生来便没有自由吗 我想不是的。三年处处受限 无法断绝与国外的联系 也拉不下脸开放政策。我只能看到这些刷流氓的行为。为什么越来越多呼声支持与新冠病毒共存 波及到的人真的太多了 三年没回家过一次年的倒霉蛋还少吗。我们相信过国家的政策 坚持清零原则 可是三年过去了。摆在面前只有两条路 一是彻底断绝与外界的联系 可是我们国家没有俄那样的堡垒式经济 脱离外界马上会崩溃；二就是开放政策 自然选择的理论支持和现如今奥密克戎变异毒株都再向一个方向靠拢 疫情常态化。有人说国外的常态化是付出生命的代价换来的 是因为默认我们不需要自由吗。虽然我毕业旅行还是不怕死的去了 但我本可以更尽兴。大学本应灿烂 我却一个季度一个季度被关在学校 我的写生本不该在校园里 我的校园本应可以自由进出 我也不会有家不能回。一次次的复发是无法避免的 若不做出改变 若是后半辈子都要如此 我宁愿死于灿烂。,1,0,1
LkvcS8cFX,卫健委新规：各级医疗机构不得以未核酸检测为由推诿拒绝、延误治疗医疗人都知道，这一新规，执行上还是有很大难度的新冠疫情发生以来，国内已有多名政府官员受到撤职免职等严厉处分国人大体上知道，这些官员被处分的主因是疫情防控没做好，而且直接造成了疫情蔓延的后果这些受处分的官员，是在哪些方面抗疫不力，都有哪些具体表现，犯了什么错误，是否存在主观上的恶意，其实都应当客观、实事求是地给出评价和结论。因为这样才是公正负责任的态度。只有明示错在何处，分析为何有错，对疫情防控才具有全国性的指导意义，对各地政府官员吸取教训、积累经验，有效避免犯错才更具有明确的警示作用，同时，也有利于人民群众和政府官员相互监督，积极参与到疫情防控工作中来。如果只是简单的一句“抗疫不力”而处之，对提高“精准防控“效果，实际意义并不大新冠疫情防控，百年一遇，没有前人经验可借鉴，更无当下模板可参照，要做到“动态清零、精准防控”，对于我们这样一个大国，困难和挑战难以想象，需给予一定的容错空间，更需实事求是的精神,1,0,0
LkjGHfGtW,【西安市社会面连续清零7天后，会研判复课问题】3月18日下午，市政府新闻办召开西安市新冠肺炎疫情防控工作新闻发布会（第70场），通报疫情防控最新情况并答记者问目前暂停线下教学的学校，在全市社会面连续清零7天后（也就是说，如果后面我市不再出现社会面病例，到下周二），我们会再请专家研判，作出是否复课的决定。届时，我们会提前做出安排。当然，对于判定为密接、次密接的学生和教职工，我们要继续按照规定的防控措施执行到管控结束；出现阳性病例的学校，暂缓复课，学校要持续追踪本校人员的健康情况；各类培训机构继续暂停线下培训。（西安报业）,1,0,0
Lk8UrmHtm,3月17日，西安开始新一轮核酸筛查工作，西安新晋网红贴纸――“清零四宝”最后一位朱q准时上线，一大早市民纷纷晒出#西安市民集齐秦岭四宝核酸贴纸#合照，你集齐了吗？@白鹿视频  白鹿视频的微博视频  ,1,0,0
Lk2Do31jb,【最新发布】全区所有人员：为快速斩断病毒传播链，加快推进“社会面清零”，更进一步全面排查疫情风险，碑林区决定3月17日(星期四)继续在全区开展新一轮大规模核酸筛查。一、筛查范围碑林区全域所有人员（包括在碑林辖区生活、工作、学习的所有人员），以小区（家属院）、企事业单位为单位进行筛查。二、筛查时间3月17日（星期四）早晨6:00时――中午12:00时。三、重点提示做完核酸检测采样后，发给每人一张朱q即时贴 。明天降温，请居民群众注意保暖。      疫情防控，人人有责，科学防范，责任重大。魅力碑林、平安家园、幸福生活，需要你我共同守护。让我们携起手来，齐心协力、众志成城、万众一心，为全面打赢疫情防控阻击战、歼灭战而共同努力！碑林区疫情防控指挥部办公室2022年3月16日,1,0,0
LjSr1Arb0,“好事”如何做好？近期上海要分区域进行全体居民的核酸检测争取尽快实现社会动态清零，这是疫情防控的非常措施，体现了人民政府对人民群众负责的良好愿望，然而好的愿望如何切实取得良好的效果，需要执行细则的合理的策划，现在我们看到的大部分做法都是在限定的时间内要求全体居民到指定地点排队等候核酸检测，这样做法有三大问题：（1）上海是个老年人居多的社会，有众多的老人行动并不方便，在限定的时间都要去某个指定地点排队等候核酸检测是否合适？（2）限定时间内居民有各种各样的原因无法或不方便到指定地点排队等候核酸检测，由此可见“漏网”是不可避免的，最终的结果所谓“全员”就会是一个问号；（3）整个全员参加指定地点排队等候核酸检测过程，就是在限定的短时间内所有居民进进出出上上下下，相互之间必然会有多次的交叉？流动和接触，如果其中有疫情感染者那就增加了相互交叉感染的机会，届时良好愿望就有可能舍得其反，客观上为疫情感染和传播提供了机会！实际上述三个问题的解决并不困难，只要请核酸检测人员变等候居民来做核酸检测改为上门按楼层实施核酸检测就可以了（做过核酸检测人员都知道核酸检测过程并不复杂，两个人一组必要时可请楼层的党员志愿者配合，特别是高层建筑都有电梯从顶楼逐层下降实施核酸检测并不困难），按楼层实施核酸检测好处：（1）免除了老年人的上下楼的困难；（2）准确掌握参加核酸检测的人数，减少“漏网之鱼”；（3）最大的好处是减少了人为的人员流动 减少了交叉感染的机会；（4）从长远看为落实“以人民为中心”又前进了一步。一个普通公民的呼声 上海,1,0,0
LjHJjqqZ4,专家答疑【对付奥密克戎#打了加强针有什么不同#】近期，多省市出现由奥密克戎变异株引发的本土疫情，且感染人数不断增加。加强针有用吗？打了加强针有什么不同？国家重大公共卫生事件医学中心、武汉同济医院感染科专家宁琴对此做出解答。宁琴介绍奥密克戎的突出特点是传染性极强，传播速度极快，且具有非常强的免疫逃逸能力，即两剂疫苗接种不足以预防奥密克戎变异株感染。接种了疫苗仍被感染，是否意味着疫苗已失去了保护效力？答案是否定的。统计显示，中国已有85%的人口完全接种疫苗，远高于美国65%的比例。尽管接种疫苗很难预防奥密克戎变异株感染，但却能够显著降低感染后的重症率和死亡率。国内一项针对奥密克戎感染病例的分析证实，未接种2剂疫苗者感染新冠肺炎后的病死率，是接种2剂及2剂以上疫苗者的5倍。其中，80岁及以上老年人中，未完全接种疫苗的病死率是8.19%，完全接种疫苗者为1.26%；70―79岁老年人中，未完全接种疫苗的病死率是2.19%，完全接种疫苗者为0.23%；60―69岁老年人中，未完全接种疫苗的病死率是0.71%，完全接种疫苗者为0.04%。宁琴强调，尽早完成第二针和加强针接种，是保护好自己和家人的重要手段，也是我国能够在全球疫情肆虐的情况下实现动态清零，避免出现疫情规模性反弹的重要依托。建议符合条件的市民积极主动完成疫苗接种，同时坚持做好戴口罩、勤洗手、多通风、保持社交距离等个人防护措施。（记者：潘岳，通讯员： 童萱）,1,0,0
Ljz7R00J0,深圳week2居家办公的一周阳光洒进来电脑旁边就是床好快乐每日窗外的春光都好美3.8节的花花马马虎虎的春饼全市饭店电影院公共场所全都关门只能去公园遛遛弯每天必做的核酸两个人做了一大盆麻辣香锅打了一下午的羽毛球下周继续居家办公希望深圳早日好起来想趁着好春光出去玩清明节没指望了五一清零摘星让我们出去旅旅游吧 深圳,0,0,0
LjoZoaLPS,【#西安人的朋友圈全是秦墩墩# 】网友：#秦岭四宝原来是清零四宝# 3月12日，西安多区域开展新一轮大规模核酸筛查，对已检测人员发放熊猫贴纸。西安市新城区一小区，凌晨五点开始为居民采样，完成采样后，工作人员会给居民一张西安市统一发放的完成核酸采样的标识贴纸，上面印有陕西“秦岭四宝”之一大熊猫的卡通形象。 已采核酸的市民群众凭标识贴纸出入小区、家属院、单位和公共场所。 今天，你的朋友圈是不是也被这只“秦墩墩”刷屏了。网友：秦岭四宝原来是清零四宝陕视新闻的微博视频,1,0,0
LbdBGEJbR,#天津疫情# 【李鸿忠会商调度疫情防控：加快筹集隔离点，确保应转尽转应隔尽隔】来源：天津日报16日下午，市委书记李鸿忠在市防控指挥部会商调度、加快推进隔离场所储备征用等工作，对当前疫情防控重点作出部署。李鸿忠详细询问市卫生健康委负责同志隔离场所需求等情况，与正在开展隔离点征用储备工作的市指挥部相关工作组、市文旅局、市公安局等部门和有关区主要负责同志通话，研究商量加快筹措隔离房间、为应隔尽隔提供有力保障等工作。李鸿忠指出，保质保量提供隔离房间是当前我市疫情防控重要而紧迫的任务。要进一步加快进度，千方百计充分挖掘酒店、宾馆、培训学院等潜力，坚决保证应转尽转、应隔尽隔。坚持法治、市场多种手段，扩充隔离房间资源，尽快提高接收隔离人员的容量，确保有效遏制疫情扩散。要全面掌握隔离点现有条件和具体情况，严格按照“三区两通道”等规范进行改造，充分考虑防疫要求，配备充分的医护、公安、送餐、消杀等人员，切实加强专业指导和业务培训。严格执行管理规定，坚决落实密接人员足不出户、工作人员闭环管理、核酸检测、健康监测等措施，精心组织开展环境消杀、物品清洁、垃圾无害化处理等工作，严防隔离点交叉感染。健全日常巡查检查机制，确保集中隔离点安全有序运转。全面排查消除隐患漏洞，对发现的问题督导限时整改到位，做到真管、严管、管住，严防失管、漏管、脱管现象发生。要认真倾听、了解隔离人员的生活需求，加强人文关怀和心理疏导，特别要高度关注冬季住宿现实需要，解决好隔离人员居住保暖、环境卫生、就医用药等实际问题，提供周密细致高效的服务保障。李鸿忠听取了市疾控中心有关情况汇报，通过全场景核酸检测信息系统，认真察看我市全员核酸筛查、重点地区疫情防控等工作的最新进展。他强调，我市疫情形势仍然严峻复杂，防控工作决不能有丝毫松懈和麻痹大意。要进一步坚定信心、振奋精神、迎难而上，切实把各项防控措施抓细抓实抓到位，坚决筑牢疫情防控网，全力推进社会面“清零”。进一步增强流调力量，提升工作效率，精准研判密接、次密接人员范围。加密风险地区、重点人群的核酸筛查频次，加强疫情风险管控，阻断病毒传播渠道。及时果断、迅速有序转运隔离人员，高度重视隔离转运过程中的工作细节，加强组织调度，保证车辆充足，切实减少排队等候时间，严格落实转运途中疫情防控管理要求，确保转运过程安全快速高效。,1,0,0
Lb3ggbVXX,【#张文宏说奥密克戎毒性不可忽略#：我们要做好准备】国家传染病医学中心主任张文宏表示，目前来看，奥密克戎的重症化在下降，但其毒性仍然不可忽略。“从美国最新计算的病死率来看，如果什么都不做，会造成非常严重的后果。”谈到中国的战疫经验，张文宏说有信心：“如果我们够快，防疫跑到病毒前面，就能赢得动态清零的胜利。”#相对论# 央视新闻的微博视频 鹤壁,1,1,0
